{"cameraMode":{"drawMode":0,"name":"Shaded","section":"Shading Mode"},"sceneLighting":false,"audioPlay":false,"sceneViewState":{"m_AlwaysRefresh":false,"showFog":true,"showSkybox":false,"showFlares":true,"showImageEffects":true,"showParticleSystems":true,"showVisualEffectGraphs":true,"m_FxEnabled":true},"in2DMode":false,"pivot":{"x":-1.2825459241867066,"y":0.6316490173339844,"z":-0.6549674272537231},"rotation":{"x":0.37437769770622256,"y":-0.4949818551540375,"z":0.24925757944583894,"w":0.7434454560279846},"size":3.2660250663757326,"orthographic":false}